{
  "relationships_blocked_users": [
    {
      "title": "_.nach07._",
      "string_list_data": [
        {
          "href": "https://www.instagram.com/_u/_.nach07._",
          "timestamp": 1746785350
        }
      ]
    },
    {
      "title": "bnj__city09",
      "string_list_data": [
        {
          "href": "https://www.instagram.com/_u/bnj__city09",
          "timestamp": 1741426130
        }
      ]
    },
    {
      "title": "ann7zzz._",
      "string_list_data": [
        {
          "href": "https://www.instagram.com/_u/ann7zzz._",
          "timestamp": 1734330969
        }
      ]
    },
    {
      "title": "rakeliinx",
      "string_list_data": [
        {
          "href": "https://www.instagram.com/_u/rakeliinx",
          "timestamp": 1734298336
        }
      ]
    },
    {
      "title": "femfutbl",
      "string_list_data": [
        {
          "href": "https://www.instagram.com/_u/femfutbl",
          "timestamp": 1728390427
        }
      ]
    },
    {
      "title": "paula.gumy",
      "string_list_data": [
        {
          "href": "https://www.instagram.com/_u/paula.gumy",
          "timestamp": 1727797601
        }
      ]
    },
    {
      "title": "raakell_gc",
      "string_list_data": [
        {
          "href": "https://www.instagram.com/_u/raakell_gc",
          "timestamp": 1726754472
        }
      ]
    }
  ]
}