{
  "relationships_close_friends": [
    {
      "title": "",
      "media_list_data": [
        
      ],
      "string_list_data": [
        {
          "href": "https://www.instagram.com/rykooooooo",
          "value": "rykooooooo",
          "timestamp": 1738694620
        }
      ]
    },
    {
      "title": "",
      "media_list_data": [
        
      ],
      "string_list_data": [
        {
          "href": "https://www.instagram.com/carlanohablestanalto",
          "value": "carlanohablestanalto",
          "timestamp": 1738694609
        }
      ]
    },
    {
      "title": "",
      "media_list_data": [
        
      ],
      "string_list_data": [
        {
          "href": "https://www.instagram.com/amilxg",
          "value": "amilxg",
          "timestamp": 1738694601
        }
      ]
    },
    {
      "title": "",
      "media_list_data": [
        
      ],
      "string_list_data": [
        {
          "href": "https://www.instagram.com/meeryyy.r2",
          "value": "meeryyy.r2",
          "timestamp": 1738694596
        }
      ]
    },
    {
      "title": "",
      "media_list_data": [
        
      ],
      "string_list_data": [
        {
          "href": "https://www.instagram.com/unarana.blanca",
          "value": "unarana.blanca",
          "timestamp": 1738694595
        }
      ]
    },
    {
      "title": "",
      "media_list_data": [
        
      ],
      "string_list_data": [
        {
          "href": "https://www.instagram.com/gabrielpm.06",
          "value": "gabrielpm.06",
          "timestamp": 1737555878
        }
      ]
    },
    {
      "title": "",
      "media_list_data": [
        
      ],
      "string_list_data": [
        {
          "href": "https://www.instagram.com/gabriel.tm64",
          "value": "gabriel.tm64",
          "timestamp": 1735684719
        }
      ]
    },
    {
      "title": "",
      "media_list_data": [
        
      ],
      "string_list_data": [
        {
          "href": "https://www.instagram.com/irenemramos_",
          "value": "irenemramos_",
          "timestamp": 1734427214
        }
      ]
    },
    {
      "title": "",
      "media_list_data": [
        
      ],
      "string_list_data": [
        {
          "href": "https://www.instagram.com/s.samuss",
          "value": "s.samuss",
          "timestamp": 1734188122
        }
      ]
    },
    {
      "title": "",
      "media_list_data": [
        
      ],
      "string_list_data": [
        {
          "href": "https://www.instagram.com/m._.demafin",
          "value": "m._.demafin",
          "timestamp": 1732931656
        }
      ]
    },
    {
      "title": "",
      "media_list_data": [
        
      ],
      "string_list_data": [
        {
          "href": "https://www.instagram.com/susanajm._",
          "value": "susanajm._",
          "timestamp": 1732457188
        }
      ]
    },
    {
      "title": "",
      "media_list_data": [
        
      ],
      "string_list_data": [
        {
          "href": "https://www.instagram.com/latonta_delasflores",
          "value": "latonta_delasflores",
          "timestamp": 1732201358
        }
      ]
    },
    {
      "title": "",
      "media_list_data": [
        
      ],
      "string_list_data": [
        {
          "href": "https://www.instagram.com/m.crux_ansata",
          "value": "m.crux_ansata",
          "timestamp": 1732113745
        }
      ]
    },
    {
      "title": "",
      "media_list_data": [
        
      ],
      "string_list_data": [
        {
          "href": "https://www.instagram.com/wilson_weasley_",
          "value": "wilson_weasley_",
          "timestamp": 1729257205
        }
      ]
    },
    {
      "title": "",
      "media_list_data": [
        
      ],
      "string_list_data": [
        {
          "href": "https://www.instagram.com/inma_vl_03",
          "value": "inma_vl_03",
          "timestamp": 1728411677
        }
      ]
    },
    {
      "title": "",
      "media_list_data": [
        
      ],
      "string_list_data": [
        {
          "href": "https://www.instagram.com/dxwere",
          "value": "dxwere",
          "timestamp": 1728248589
        }
      ]
    },
    {
      "title": "",
      "media_list_data": [
        
      ],
      "string_list_data": [
        {
          "href": "https://www.instagram.com/emswyh",
          "value": "emswyh",
          "timestamp": 1728239836
        }
      ]
    },
    {
      "title": "",
      "media_list_data": [
        
      ],
      "string_list_data": [
        {
          "href": "https://www.instagram.com/luciiaafdez_",
          "value": "luciiaafdez_",
          "timestamp": 1728171454
        }
      ]
    },
    {
      "title": "",
      "media_list_data": [
        
      ],
      "string_list_data": [
        {
          "href": "https://www.instagram.com/la.gotisx",
          "value": "la.gotisx",
          "timestamp": 1727901335
        }
      ]
    },
    {
      "title": "",
      "media_list_data": [
        
      ],
      "string_list_data": [
        {
          "href": "https://www.instagram.com/th3littl3casp3r_",
          "value": "th3littl3casp3r_",
          "timestamp": 1727790555
        }
      ]
    },
    {
      "title": "",
      "media_list_data": [
        
      ],
      "string_list_data": [
        {
          "href": "https://www.instagram.com/shayzz_xo",
          "value": "shayzz_xo",
          "timestamp": 1727603479
        }
      ]
    },
    {
      "title": "",
      "media_list_data": [
        
      ],
      "string_list_data": [
        {
          "href": "https://www.instagram.com/andressg_06",
          "value": "andressg_06",
          "timestamp": 1721319768
        }
      ]
    },
    {
      "title": "",
      "media_list_data": [
        
      ],
      "string_list_data": [
        {
          "href": "https://www.instagram.com/rocio.gc_04",
          "value": "rocio.gc_04",
          "timestamp": 1721319747
        }
      ]
    }
  ]
}