{
  "relationships_dismissed_suggested_users": [
    {
      "title": "",
      "media_list_data": [
        
      ],
      "string_list_data": [
        {
          "href": "https://www.instagram.com/danielamartinez3874",
          "value": "danielamartinez3874",
          "timestamp": 1730870696
        }
      ]
    },
    {
      "title": "",
      "media_list_data": [
        
      ],
      "string_list_data": [
        {
          "href": "https://www.instagram.com/miakort66",
          "value": "miakort66",
          "timestamp": 1730870693
        }
      ]
    },
    {
      "title": "",
      "media_list_data": [
        
      ],
      "string_list_data": [
        {
          "href": "https://www.instagram.com/_bbeiby._",
          "value": "_bbeiby._",
          "timestamp": 1730870692
        }
      ]
    }
  ]
}