{
  "relationships_close_friends": [
    {
      "title": "",
      "media_list_data": [
        
      ],
      "string_list_data": [
        {
          "href": "https://www.instagram.com/mara4.real",
          "value": "mara4.real",
          "timestamp": 1761310771
        }
      ]
    },
    {
      "title": "",
      "media_list_data": [
        
      ],
      "string_list_data": [
        {
          "href": "https://www.instagram.com/carla.trave",
          "value": "carla.trave",
          "timestamp": 1759646530
        }
      ]
    },
    {
      "title": "",
      "media_list_data": [
        
      ],
      "string_list_data": [
        {
          "href": "https://www.instagram.com/angel_jv04",
          "value": "angel_jv04",
          "timestamp": 1752962110
        }
      ]
    },
    {
      "title": "",
      "media_list_data": [
        
      ],
      "string_list_data": [
        {
          "href": "https://www.instagram.com/m.crux_ansata",
          "value": "m.crux_ansata",
          "timestamp": 1750261951
        }
      ]
    },
    {
      "title": "",
      "media_list_data": [
        
      ],
      "string_list_data": [
        {
          "href": "https://www.instagram.com/rykooooooo",
          "value": "rykooooooo",
          "timestamp": 1738694620
        }
      ]
    },
    {
      "title": "",
      "media_list_data": [
        
      ],
      "string_list_data": [
        {
          "href": "https://www.instagram.com/amirrleon",
          "value": "amirrleon",
          "timestamp": 1738694601
        }
      ]
    },
    {
      "title": "",
      "media_list_data": [
        
      ],
      "string_list_data": [
        {
          "href": "https://www.instagram.com/meeryyy.r2",
          "value": "meeryyy.r2",
          "timestamp": 1738694596
        }
      ]
    },
    {
      "title": "",
      "media_list_data": [
        
      ],
      "string_list_data": [
        {
          "href": "https://www.instagram.com/unarana.blanca",
          "value": "unarana.blanca",
          "timestamp": 1738694595
        }
      ]
    },
    {
      "title": "",
      "media_list_data": [
        
      ],
      "string_list_data": [
        {
          "href": "https://www.instagram.com/gabrielpm.06",
          "value": "gabrielpm.06",
          "timestamp": 1737555878
        }
      ]
    },
    {
      "title": "",
      "media_list_data": [
        
      ],
      "string_list_data": [
        {
          "href": "https://www.instagram.com/gabriel.tm64",
          "value": "gabriel.tm64",
          "timestamp": 1735684719
        }
      ]
    },
    {
      "title": "",
      "media_list_data": [
        
      ],
      "string_list_data": [
        {
          "href": "https://www.instagram.com/irenemramos_",
          "value": "irenemramos_",
          "timestamp": 1734427214
        }
      ]
    },
    {
      "title": "",
      "media_list_data": [
        
      ],
      "string_list_data": [
        {
          "href": "https://www.instagram.com/s.samuss",
          "value": "s.samuss",
          "timestamp": 1734188122
        }
      ]
    },
    {
      "title": "",
      "media_list_data": [
        
      ],
      "string_list_data": [
        {
          "href": "https://www.instagram.com/m._.demafin",
          "value": "m._.demafin",
          "timestamp": 1732931656
        }
      ]
    },
    {
      "title": "",
      "media_list_data": [
        
      ],
      "string_list_data": [
        {
          "href": "https://www.instagram.com/susanajm._",
          "value": "susanajm._",
          "timestamp": 1732457188
        }
      ]
    },
    {
      "title": "",
      "media_list_data": [
        
      ],
      "string_list_data": [
        {
          "href": "https://www.instagram.com/latonta_delasflores",
          "value": "latonta_delasflores",
          "timestamp": 1732201358
        }
      ]
    },
    {
      "title": "",
      "media_list_data": [
        
      ],
      "string_list_data": [
        {
          "href": "https://www.instagram.com/inma_vl_03",
          "value": "inma_vl_03",
          "timestamp": 1728411677
        }
      ]
    },
    {
      "title": "",
      "media_list_data": [
        
      ],
      "string_list_data": [
        {
          "href": "https://www.instagram.com/luciiaafdez_",
          "value": "luciiaafdez_",
          "timestamp": 1728171454
        }
      ]
    },
    {
      "title": "",
      "media_list_data": [
        
      ],
      "string_list_data": [
        {
          "href": "https://www.instagram.com/la.gotisx",
          "value": "la.gotisx",
          "timestamp": 1727901335
        }
      ]
    },
    {
      "title": "",
      "media_list_data": [
        
      ],
      "string_list_data": [
        {
          "href": "https://www.instagram.com/th3littl3casp3r_",
          "value": "th3littl3casp3r_",
          "timestamp": 1727790555
        }
      ]
    },
    {
      "title": "",
      "media_list_data": [
        
      ],
      "string_list_data": [
        {
          "href": "https://www.instagram.com/andressg_06",
          "value": "andressg_06",
          "timestamp": 1721319768
        }
      ]
    },
    {
      "title": "",
      "media_list_data": [
        
      ],
      "string_list_data": [
        {
          "href": "https://www.instagram.com/rocio.gc_04",
          "value": "rocio.gc_04",
          "timestamp": 1721319747
        }
      ]
    },
    {
      "title": "",
      "media_list_data": [
        
      ],
      "string_list_data": [
        {
          "href": "https://www.instagram.com/gh_en_apuros",
          "value": "gh_en_apuros",
          "timestamp": 1709884334
        }
      ]
    },
    {
      "title": "",
      "media_list_data": [
        
      ],
      "string_list_data": [
        {
          "href": "https://www.instagram.com/robm4n",
          "value": "robm4n",
          "timestamp": 1709051044
        }
      ]
    },
    {
      "title": "",
      "media_list_data": [
        
      ],
      "string_list_data": [
        {
          "href": "https://www.instagram.com/uriel_orden",
          "value": "uriel_orden",
          "timestamp": 1709051010
        }
      ]
    },
    {
      "title": "",
      "media_list_data": [
        
      ],
      "string_list_data": [
        {
          "href": "https://www.instagram.com/sergiocalao.04",
          "value": "sergiocalao.04",
          "timestamp": 1708323755
        }
      ]
    },
    {
      "title": "",
      "media_list_data": [
        
      ],
      "string_list_data": [
        {
          "href": "https://www.instagram.com/monicaa_za",
          "value": "monicaa_za",
          "timestamp": 1708323412
        }
      ]
    },
    {
      "title": "",
      "media_list_data": [
        
      ],
      "string_list_data": [
        {
          "href": "https://www.instagram.com/d.ramos25",
          "value": "d.ramos25",
          "timestamp": 1688574559
        }
      ]
    },
    {
      "title": "",
      "media_list_data": [
        
      ],
      "string_list_data": [
        {
          "href": "https://www.instagram.com/mariariego_",
          "value": "mariariego_",
          "timestamp": 1687204910
        }
      ]
    },
    {
      "title": "",
      "media_list_data": [
        
      ],
      "string_list_data": [
        {
          "href": "https://www.instagram.com/mrlg_04",
          "value": "mrlg_04",
          "timestamp": 1687204861
        }
      ]
    },
    {
      "title": "",
      "media_list_data": [
        
      ],
      "string_list_data": [
        {
          "href": "https://www.instagram.com/amilxg",
          "value": "amilxg",
          "timestamp": 1660418576
        }
      ]
    },
    {
      "title": "",
      "media_list_data": [
        
      ],
      "string_list_data": [
        {
          "href": "https://www.instagram.com/aleconva04",
          "value": "aleconva04",
          "timestamp": 1660409670
        }
      ]
    },
    {
      "title": "",
      "media_list_data": [
        
      ],
      "string_list_data": [
        {
          "href": "https://www.instagram.com/ernestogmarquez",
          "value": "ernestogmarquez",
          "timestamp": 1647781418
        }
      ]
    },
    {
      "title": "",
      "media_list_data": [
        
      ],
      "string_list_data": [
        {
          "href": "https://www.instagram.com/manuu.tm_",
          "value": "manuu.tm_",
          "timestamp": 1647781418
        }
      ]
    },
    {
      "title": "",
      "media_list_data": [
        
      ],
      "string_list_data": [
        {
          "href": "https://www.instagram.com/rober.tomr",
          "value": "rober.tomr",
          "timestamp": 1647781417
        }
      ]
    },
    {
      "title": "",
      "media_list_data": [
        
      ],
      "string_list_data": [
        {
          "href": "https://www.instagram.com/adriaandiaz__",
          "value": "adriaandiaz__",
          "timestamp": 1647781417
        }
      ]
    }
  ]
}