{
  "relationships_dismissed_suggested_users": [
    {
      "title": "",
      "media_list_data": [
        
      ],
      "string_list_data": [
        {
          "href": "https://www.instagram.com/danielamartinez3874",
          "value": "danielamartinez3874",
          "timestamp": 1730870696
        }
      ]
    },
    {
      "title": "",
      "media_list_data": [
        
      ],
      "string_list_data": [
        {
          "href": "https://www.instagram.com/miakort66",
          "value": "miakort66",
          "timestamp": 1730870693
        }
      ]
    },
    {
      "title": "",
      "media_list_data": [
        
      ],
      "string_list_data": [
        {
          "href": "https://www.instagram.com/_bbeiby._",
          "value": "_bbeiby._",
          "timestamp": 1730870692
        }
      ]
    },
    {
      "title": "",
      "media_list_data": [
        
      ],
      "string_list_data": [
        {
          "href": "https://www.instagram.com/la.isa_pero2",
          "value": "la.isa_pero2",
          "timestamp": 1667485097
        }
      ]
    },
    {
      "title": "",
      "media_list_data": [
        
      ],
      "string_list_data": [
        {
          "href": "https://www.instagram.com/jaaviisuarez00",
          "value": "jaaviisuarez00",
          "timestamp": 1604008404
        }
      ]
    },
    {
      "title": "",
      "media_list_data": [
        
      ],
      "string_list_data": [
        {
          "href": "https://www.instagram.com/kendalljenner",
          "value": "kendalljenner",
          "timestamp": 1593433085
        }
      ]
    },
    {
      "title": "",
      "media_list_data": [
        
      ],
      "string_list_data": [
        {
          "href": "https://www.instagram.com/kyliejenner",
          "value": "kyliejenner",
          "timestamp": 1593433084
        }
      ]
    },
    {
      "title": "",
      "media_list_data": [
        
      ],
      "string_list_data": [
        {
          "href": "https://www.instagram.com/khloekardashian",
          "value": "khloekardashian",
          "timestamp": 1593433084
        }
      ]
    },
    {
      "title": "",
      "media_list_data": [
        
      ],
      "string_list_data": [
        {
          "href": "https://www.instagram.com/mileycyrus",
          "value": "mileycyrus",
          "timestamp": 1593433084
        }
      ]
    },
    {
      "title": "",
      "media_list_data": [
        
      ],
      "string_list_data": [
        {
          "href": "https://www.instagram.com/natgeo",
          "value": "natgeo",
          "timestamp": 1593433084
        }
      ]
    },
    {
      "title": "",
      "media_list_data": [
        
      ],
      "string_list_data": [
        {
          "href": "https://www.instagram.com/ddlovato",
          "value": "ddlovato",
          "timestamp": 1593433084
        }
      ]
    },
    {
      "title": "",
      "media_list_data": [
        
      ],
      "string_list_data": [
        {
          "href": "https://www.instagram.com/instagram",
          "value": "instagram",
          "timestamp": 1593433084
        }
      ]
    },
    {
      "title": "",
      "media_list_data": [
        
      ],
      "string_list_data": [
        {
          "href": "https://www.instagram.com/virat.kohli",
          "value": "virat.kohli",
          "timestamp": 1593433083
        }
      ]
    },
    {
      "title": "",
      "media_list_data": [
        
      ],
      "string_list_data": [
        {
          "href": "https://www.instagram.com/kimkardashian",
          "value": "kimkardashian",
          "timestamp": 1593433083
        }
      ]
    },
    {
      "title": "",
      "media_list_data": [
        
      ],
      "string_list_data": [
        {
          "href": "https://www.instagram.com/zendaya",
          "value": "zendaya",
          "timestamp": 1593433083
        }
      ]
    },
    {
      "title": "",
      "media_list_data": [
        
      ],
      "string_list_data": [
        {
          "href": "https://www.instagram.com/arianagrande",
          "value": "arianagrande",
          "timestamp": 1593433083
        }
      ]
    },
    {
      "title": "",
      "media_list_data": [
        
      ],
      "string_list_data": [
        {
          "href": "https://www.instagram.com/selenagomez",
          "value": "selenagomez",
          "timestamp": 1593433083
        }
      ]
    },
    {
      "title": "",
      "media_list_data": [
        
      ],
      "string_list_data": [
        {
          "href": "https://www.instagram.com/cristiano",
          "value": "cristiano",
          "timestamp": 1593433082
        }
      ]
    },
    {
      "title": "",
      "media_list_data": [
        
      ],
      "string_list_data": [
        {
          "href": "https://www.instagram.com/taylorswift",
          "value": "taylorswift",
          "timestamp": 1593433082
        }
      ]
    },
    {
      "title": "",
      "media_list_data": [
        
      ],
      "string_list_data": [
        {
          "href": "https://www.instagram.com/leomessi",
          "value": "leomessi",
          "timestamp": 1593433081
        }
      ]
    }
  ]
}