{
  "relationships_restricted_users": [
    {
      "title": "",
      "media_list_data": [
        
      ],
      "string_list_data": [
        {
          "href": "https://www.instagram.com/d4rk_str4wb3rry",
          "value": "d4rk_str4wb3rry",
          "timestamp": 1757021584
        }
      ]
    },
    {
      "title": "",
      "media_list_data": [
        
      ],
      "string_list_data": [
        {
          "href": "https://www.instagram.com/borgesfrancisco608",
          "value": "borgesfrancisco608",
          "timestamp": 1698851400
        }
      ]
    },
    {
      "title": "",
      "media_list_data": [
        
      ],
      "string_list_data": [
        {
          "href": "https://www.instagram.com/feersimoon_",
          "value": "feersimoon_",
          "timestamp": 1688073032
        }
      ]
    }
  ]
}