{
  "relationships_blocked_users": [
    {
      "title": "heerrnnaaandez",
      "string_list_data": [
        {
          "href": "https://www.instagram.com/_u/heerrnnaaandez",
          "timestamp": 1762981496
        }
      ]
    },
    {
      "title": "zettab3e",
      "string_list_data": [
        {
          "href": "https://www.instagram.com/_u/zettab3e",
          "timestamp": 1760965619
        }
      ]
    },
    {
      "title": "albacasanueva_",
      "string_list_data": [
        {
          "href": "https://www.instagram.com/_u/albacasanueva_",
          "timestamp": 1754574927
        }
      ]
    },
    {
      "title": "crucifixx.me",
      "string_list_data": [
        {
          "href": "https://www.instagram.com/_u/crucifixx.me",
          "timestamp": 1752450992
        }
      ]
    },
    {
      "title": "anjali_shrama_1",
      "string_list_data": [
        {
          "href": "https://www.instagram.com/_u/anjali_shrama_1",
          "timestamp": 1750676128
        }
      ]
    },
    {
      "title": "_.nach07._",
      "string_list_data": [
        {
          "href": "https://www.instagram.com/_u/_.nach07._",
          "timestamp": 1746785350
        }
      ]
    },
    {
      "title": "bnj__city09",
      "string_list_data": [
        {
          "href": "https://www.instagram.com/_u/bnj__city09",
          "timestamp": 1741426130
        }
      ]
    },
    {
      "title": "ann7zzz._",
      "string_list_data": [
        {
          "href": "https://www.instagram.com/_u/ann7zzz._",
          "timestamp": 1734330969
        }
      ]
    },
    {
      "title": "rakeliinx",
      "string_list_data": [
        {
          "href": "https://www.instagram.com/_u/rakeliinx",
          "timestamp": 1734298336
        }
      ]
    }
  ]
}