{
  "relationships_close_friends": [
    {
      "title": "",
      "media_list_data": [
        
      ],
      "string_list_data": [
        {
          "href": "https://www.instagram.com/mara4.real",
          "value": "mara4.real",
          "timestamp": 1761310771
        }
      ]
    },
    {
      "title": "",
      "media_list_data": [
        
      ],
      "string_list_data": [
        {
          "href": "https://www.instagram.com/carla.trave",
          "value": "carla.trave",
          "timestamp": 1759646530
        }
      ]
    },
    {
      "title": "",
      "media_list_data": [
        
      ],
      "string_list_data": [
        {
          "href": "https://www.instagram.com/angel_jv04",
          "value": "angel_jv04",
          "timestamp": 1752962110
        }
      ]
    },
    {
      "title": "",
      "media_list_data": [
        
      ],
      "string_list_data": [
        {
          "href": "https://www.instagram.com/m.crux_ansata",
          "value": "m.crux_ansata",
          "timestamp": 1750261951
        }
      ]
    },
    {
      "title": "",
      "media_list_data": [
        
      ],
      "string_list_data": [
        {
          "href": "https://www.instagram.com/rykooooooo",
          "value": "rykooooooo",
          "timestamp": 1738694620
        }
      ]
    },
    {
      "title": "",
      "media_list_data": [
        
      ],
      "string_list_data": [
        {
          "href": "https://www.instagram.com/amirrleon",
          "value": "amirrleon",
          "timestamp": 1738694601
        }
      ]
    },
    {
      "title": "",
      "media_list_data": [
        
      ],
      "string_list_data": [
        {
          "href": "https://www.instagram.com/meeryyy.r2",
          "value": "meeryyy.r2",
          "timestamp": 1738694596
        }
      ]
    },
    {
      "title": "",
      "media_list_data": [
        
      ],
      "string_list_data": [
        {
          "href": "https://www.instagram.com/unarana.blanca",
          "value": "unarana.blanca",
          "timestamp": 1738694595
        }
      ]
    },
    {
      "title": "",
      "media_list_data": [
        
      ],
      "string_list_data": [
        {
          "href": "https://www.instagram.com/gabrielpm.06",
          "value": "gabrielpm.06",
          "timestamp": 1737555878
        }
      ]
    },
    {
      "title": "",
      "media_list_data": [
        
      ],
      "string_list_data": [
        {
          "href": "https://www.instagram.com/gabriel.tm64",
          "value": "gabriel.tm64",
          "timestamp": 1735684719
        }
      ]
    },
    {
      "title": "",
      "media_list_data": [
        
      ],
      "string_list_data": [
        {
          "href": "https://www.instagram.com/irenemramos_",
          "value": "irenemramos_",
          "timestamp": 1734427214
        }
      ]
    },
    {
      "title": "",
      "media_list_data": [
        
      ],
      "string_list_data": [
        {
          "href": "https://www.instagram.com/s.samuss",
          "value": "s.samuss",
          "timestamp": 1734188122
        }
      ]
    }
  ]
}